CALENDAR_YEAR,LOCATION_ID,LOCATION,GENDER,EXPERIENCING_HOMELESSNESS
2017,All,California,Female,79670
2017,All,California,Male,101901
2017,All,California,Non-Singular Gender,148
2017,All,California,Questioning Gender,*
2017,All,California,Transgender,676
2017,All,California,Unknown,1505
2017,CA-500,Santa Clara County CoC,Female,3877
2017,CA-500,Santa Clara County CoC,Male,6225
2017,CA-500,Santa Clara County CoC,Non-Singular Gender,*
2017,CA-500,Santa Clara County CoC,Transgender,39
2017,CA-500,Santa Clara County CoC,Unknown,15
2017,CA-501,San Francisco CoC,Female,1692
2017,CA-501,San Francisco CoC,Male,2403
2017,CA-501,San Francisco CoC,Non-Singular Gender,18
2017,CA-501,San Francisco CoC,Transgender,50
2017,CA-501,San Francisco CoC,Unknown,192
2017,CA-502,Alameda County CoC,Female,3015
2017,CA-502,Alameda County CoC,Male,3548
2017,CA-502,Alameda County CoC,Non-Singular Gender,*
2017,CA-502,Alameda County CoC,Questioning Gender,*
2017,CA-502,Alameda County CoC,Transgender,17
2017,CA-502,Alameda County CoC,Unknown,23
2017,CA-503,Sacramento County CoC,Female,4989
2017,CA-503,Sacramento County CoC,Male,5347
2017,CA-503,Sacramento County CoC,Non-Singular Gender,11
2017,CA-503,Sacramento County CoC,Transgender,26
2017,CA-503,Sacramento County CoC,Unknown,*
2017,CA-504,Sonoma County CoC,Female,1322
2017,CA-504,Sonoma County CoC,Male,1735
2017,CA-504,Sonoma County CoC,Non-Singular Gender,*
2017,CA-504,Sonoma County CoC,Questioning Gender,*
2017,CA-504,Sonoma County CoC,Transgender,16
2017,CA-504,Sonoma County CoC,Unknown,*
2017,CA-505,Contra Costa County CoC,Female,2155
2017,CA-505,Contra Costa County CoC,Male,2785
2017,CA-505,Contra Costa County CoC,Non-Singular Gender,*
2017,CA-505,Contra Costa County CoC,Transgender,*
2017,CA-505,Contra Costa County CoC,Unknown,*
2017,CA-506,"Monterey, San Benito Counties CoC",Female,1224
2017,CA-506,"Monterey, San Benito Counties CoC",Male,988
2017,CA-506,"Monterey, San Benito Counties CoC",Non-Singular Gender,*
2017,CA-506,"Monterey, San Benito Counties CoC",Questioning Gender,*
2017,CA-506,"Monterey, San Benito Counties CoC",Transgender,*
2017,CA-507,Marin County CoC,Female,664
2017,CA-507,Marin County CoC,Male,956
2017,CA-507,Marin County CoC,Non-Singular Gender,*
2017,CA-507,Marin County CoC,Transgender,*
2017,CA-507,Marin County CoC,Unknown,*
2017,CA-508,Santa Cruz County CoC,Female,749
2017,CA-508,Santa Cruz County CoC,Male,1073
2017,CA-508,Santa Cruz County CoC,Non-Singular Gender,*
2017,CA-508,Santa Cruz County CoC,Transgender,*
2017,CA-508,Santa Cruz County CoC,Unknown,12
2017,CA-509,Mendocino County CoC,Female,240
2017,CA-509,Mendocino County CoC,Male,468
2017,CA-509,Mendocino County CoC,Non-Singular Gender,*
2017,CA-509,Mendocino County CoC,Transgender,*
2017,CA-509,Mendocino County CoC,Unknown,*
2017,CA-510,Stanislaus County CoC,Female,3058
2017,CA-510,Stanislaus County CoC,Male,3091
2017,CA-510,Stanislaus County CoC,Non-Singular Gender,*
2017,CA-510,Stanislaus County CoC,Transgender,*
2017,CA-511,San Joaquin County CoC,Female,4635
2017,CA-511,San Joaquin County CoC,Male,4976
2017,CA-511,San Joaquin County CoC,Transgender,*
2017,CA-512,San Mateo County CoC,Female,1827
2017,CA-512,San Mateo County CoC,Male,2336
2017,CA-512,San Mateo County CoC,Non-Singular Gender,*
2017,CA-512,San Mateo County CoC,Transgender,*
2017,CA-512,San Mateo County CoC,Unknown,*
2017,CA-513,"Kings, Tulare Counties CoC",Female,1410
2017,CA-513,"Kings, Tulare Counties CoC",Male,1554
2017,CA-513,"Kings, Tulare Counties CoC",Non-Singular Gender,*
2017,CA-513,"Kings, Tulare Counties CoC",Transgender,*
2017,CA-513,"Kings, Tulare Counties CoC",Unknown,*
2017,CA-514,"Fresno, Madera Counties CoC",Female,1011
2017,CA-514,"Fresno, Madera Counties CoC",Male,1176
2017,CA-514,"Fresno, Madera Counties CoC",Non-Singular Gender,*
2017,CA-514,"Fresno, Madera Counties CoC",Transgender,*
2017,CA-514,"Fresno, Madera Counties CoC",Unknown,*
2017,CA-515,Placer County CoC,Female,557
2017,CA-515,Placer County CoC,Male,703
2017,CA-515,Placer County CoC,Non-Singular Gender,*
2017,CA-515,Placer County CoC,Transgender,*
2017,CA-515,Placer County CoC,Unknown,*
2017,CA-516,"Shasta, Siskiyou, Lassen, Plumas, Del Norte, Modoc, Sierra Counties CoC",Female,158
2017,CA-516,"Shasta, Siskiyou, Lassen, Plumas, Del Norte, Modoc, Sierra Counties CoC",Male,94
2017,CA-516,"Shasta, Siskiyou, Lassen, Plumas, Del Norte, Modoc, Sierra Counties CoC",Unknown,*
2017,CA-517,Napa County CoC,Female,368
2017,CA-517,Napa County CoC,Male,578
2017,CA-517,Napa County CoC,Transgender,*
2017,CA-518,Solano County CoC,Female,439
2017,CA-518,Solano County CoC,Male,558
2017,CA-518,Solano County CoC,Non-Singular Gender,*
2017,CA-518,Solano County CoC,Unknown,*
2017,CA-519,Butte County CoC,Female,619
2017,CA-519,Butte County CoC,Male,760
2017,CA-519,Butte County CoC,Non-Singular Gender,*
2017,CA-519,Butte County CoC,Transgender,*
2017,CA-520,Merced County CoC,Female,200
2017,CA-520,Merced County CoC,Male,403
2017,CA-520,Merced County CoC,Transgender,*
2017,CA-521,Yolo County CoC,Female,256
2017,CA-521,Yolo County CoC,Male,258
2017,CA-521,Yolo County CoC,Non-Singular Gender,*
2017,CA-521,Yolo County CoC,Transgender,*
2017,CA-522,Humboldt County CoC,Female,410
2017,CA-522,Humboldt County CoC,Male,506
2017,CA-522,Humboldt County CoC,Non-Singular Gender,*
2017,CA-522,Humboldt County CoC,Questioning Gender,*
2017,CA-522,Humboldt County CoC,Transgender,*
2017,CA-522,Humboldt County CoC,Unknown,*
2017,CA-523,"Colusa, Glenn, Trinity Counties CoC",Female,108
2017,CA-523,"Colusa, Glenn, Trinity Counties CoC",Male,90
2017,CA-524,"Yuba, Sutter Counties CoC",Female,*
2017,CA-525,El Dorado County CoC,Female,67
2017,CA-525,El Dorado County CoC,Male,66
2017,CA-525,El Dorado County CoC,Non-Singular Gender,*
2017,CA-525,El Dorado County CoC,Transgender,*
2017,CA-526,"Amador, Calaveras, Mariposa, Tuolumne Counties CoC",Female,224
2017,CA-526,"Amador, Calaveras, Mariposa, Tuolumne Counties CoC",Male,158
2017,CA-527,Tehama County CoC,Female,143
2017,CA-527,Tehama County CoC,Male,252
2017,CA-527,Tehama County CoC,Non-Singular Gender,*
2017,CA-529,Lake County CoC,Female,32
2017,CA-529,Lake County CoC,Male,19
2017,CA-530,"Alpine, Inyo, Mono Counties CoC",Female,79
2017,CA-530,"Alpine, Inyo, Mono Counties CoC",Male,82
2017,CA-531,Nevada County CoC,Female,172
2017,CA-531,Nevada County CoC,Male,290
2017,CA-600,Los Angeles County CoC,Female,23157
2017,CA-600,Los Angeles County CoC,Male,32153
2017,CA-600,Los Angeles County CoC,Non-Singular Gender,46
2017,CA-600,Los Angeles County CoC,Transgender,334
2017,CA-600,Los Angeles County CoC,Unknown,899
2017,CA-601,San Diego County CoC,Female,4507
2017,CA-601,San Diego County CoC,Male,6989
2017,CA-601,San Diego County CoC,Non-Singular Gender,*
2017,CA-601,San Diego County CoC,Transgender,52
2017,CA-601,San Diego County CoC,Unknown,27
2017,CA-602,Orange County CoC,Female,4799
2017,CA-602,Orange County CoC,Male,5494
2017,CA-602,Orange County CoC,Non-Singular Gender,*
2017,CA-602,Orange County CoC,Questioning Gender,*
2017,CA-602,Orange County CoC,Transgender,15
2017,CA-602,Orange County CoC,Unknown,159
2017,CA-603,Santa Barbara County CoC,Female,1145
2017,CA-603,Santa Barbara County CoC,Male,1675
2017,CA-603,Santa Barbara County CoC,Non-Singular Gender,*
2017,CA-603,Santa Barbara County CoC,Transgender,*
2017,CA-603,Santa Barbara County CoC,Unknown,*
2017,CA-604,Kern County CoC,Female,2024
2017,CA-604,Kern County CoC,Male,2589
2017,CA-604,Kern County CoC,Non-Singular Gender,*
2017,CA-604,Kern County CoC,Transgender,*
2017,CA-606,Long Beach CoC (Los Angeles County),Female,1106
2017,CA-606,Long Beach CoC (Los Angeles County),Male,1511
2017,CA-606,Long Beach CoC (Los Angeles County),Non-Singular Gender,*
2017,CA-606,Long Beach CoC (Los Angeles County),Transgender,*
2017,CA-607,Pasadena CoC (Los Angeles County),Female,589
2017,CA-607,Pasadena CoC (Los Angeles County),Male,692
2017,CA-607,Pasadena CoC (Los Angeles County),Transgender,*
2017,CA-607,Pasadena CoC (Los Angeles County),Unknown,104
2017,CA-608,Riverside County CoC,Female,2748
2017,CA-608,Riverside County CoC,Male,3855
2017,CA-608,Riverside County CoC,Non-Singular Gender,*
2017,CA-608,Riverside County CoC,Transgender,19
2017,CA-608,Riverside County CoC,Unknown,21
2017,CA-609,San Bernardino County CoC,Female,4215
2017,CA-609,San Bernardino County CoC,Male,4169
2017,CA-609,San Bernardino County CoC,Transgender,*
2017,CA-611,Ventura County CoC,Female,836
2017,CA-611,Ventura County CoC,Male,1091
2017,CA-611,Ventura County CoC,Non-Singular Gender,*
2017,CA-611,Ventura County CoC,Questioning Gender,*
2017,CA-611,Ventura County CoC,Transgender,*
2017,CA-611,Ventura County CoC,Unknown,*
2017,CA-612,Glendale CoC (Los Angeles County),Female,182
2017,CA-612,Glendale CoC (Los Angeles County),Male,171
2017,CA-612,Glendale CoC (Los Angeles County),Transgender,*
2017,CA-612,Glendale CoC (Los Angeles County),Unknown,*
2017,CA-613,Imperial County CoC,Female,102
2017,CA-613,Imperial County CoC,Male,395
2017,CA-614,San Luis Obispo County CoC,Female,750
2017,CA-614,San Luis Obispo County CoC,Male,954
2017,CA-614,San Luis Obispo County CoC,Non-Singular Gender,*
2017,CA-614,San Luis Obispo County CoC,Transgender,*
2018,All,California,Female,91953
2018,All,California,Male,119525
2018,All,California,Non-Singular Gender,224
2018,All,California,Questioning Gender,*
2018,All,California,Transgender,938
2018,All,California,Unknown,1561
2018,CA-500,Santa Clara County CoC,Female,4109
2018,CA-500,Santa Clara County CoC,Male,6466
2018,CA-500,Santa Clara County CoC,Non-Singular Gender,18
2018,CA-500,Santa Clara County CoC,Transgender,48
2018,CA-500,Santa Clara County CoC,Unknown,13
2018,CA-501,San Francisco CoC,Female,2394
2018,CA-501,San Francisco CoC,Male,2998
2018,CA-501,San Francisco CoC,Non-Singular Gender,28
2018,CA-501,San Francisco CoC,Questioning Gender,*
2018,CA-501,San Francisco CoC,Transgender,69
2018,CA-501,San Francisco CoC,Unknown,151
2018,CA-502,Alameda County CoC,Female,2883
2018,CA-502,Alameda County CoC,Male,3573
2018,CA-502,Alameda County CoC,Non-Singular Gender,*
2018,CA-502,Alameda County CoC,Transgender,25
2018,CA-502,Alameda County CoC,Unknown,*
2018,CA-503,Sacramento County CoC,Female,5326
2018,CA-503,Sacramento County CoC,Male,5498
2018,CA-503,Sacramento County CoC,Non-Singular Gender,13
2018,CA-503,Sacramento County CoC,Transgender,40
2018,CA-503,Sacramento County CoC,Unknown,*
2018,CA-504,Sonoma County CoC,Female,1391
2018,CA-504,Sonoma County CoC,Male,1796
2018,CA-504,Sonoma County CoC,Non-Singular Gender,*
2018,CA-504,Sonoma County CoC,Questioning Gender,*
2018,CA-504,Sonoma County CoC,Transgender,14
2018,CA-504,Sonoma County CoC,Unknown,*
2018,CA-505,Contra Costa County CoC,Female,2522
2018,CA-505,Contra Costa County CoC,Male,3257
2018,CA-505,Contra Costa County CoC,Non-Singular Gender,*
2018,CA-505,Contra Costa County CoC,Transgender,11
2018,CA-505,Contra Costa County CoC,Unknown,*
2018,CA-506,"Monterey, San Benito Counties CoC",Female,1274
2018,CA-506,"Monterey, San Benito Counties CoC",Male,1235
2018,CA-506,"Monterey, San Benito Counties CoC",Non-Singular Gender,*
2018,CA-506,"Monterey, San Benito Counties CoC",Questioning Gender,*
2018,CA-506,"Monterey, San Benito Counties CoC",Transgender,*
2018,CA-507,Marin County CoC,Female,547
2018,CA-507,Marin County CoC,Male,776
2018,CA-507,Marin County CoC,Transgender,*
2018,CA-507,Marin County CoC,Unknown,*
2018,CA-508,Santa Cruz County CoC,Female,740
2018,CA-508,Santa Cruz County CoC,Male,1100
2018,CA-508,Santa Cruz County CoC,Transgender,*
2018,CA-508,Santa Cruz County CoC,Unknown,43
2018,CA-509,Mendocino County CoC,Female,213
2018,CA-509,Mendocino County CoC,Male,366
2018,CA-509,Mendocino County CoC,Non-Singular Gender,*
2018,CA-509,Mendocino County CoC,Transgender,*
2018,CA-509,Mendocino County CoC,Unknown,*
2018,CA-510,Stanislaus County CoC,Female,2813
2018,CA-510,Stanislaus County CoC,Male,3316
2018,CA-510,Stanislaus County CoC,Non-Singular Gender,*
2018,CA-510,Stanislaus County CoC,Transgender,*
2018,CA-511,San Joaquin County CoC,Female,5191
2018,CA-511,San Joaquin County CoC,Male,5639
2018,CA-511,San Joaquin County CoC,Non-Singular Gender,*
2018,CA-511,San Joaquin County CoC,Transgender,11
2018,CA-512,San Mateo County CoC,Female,1853
2018,CA-512,San Mateo County CoC,Male,2403
2018,CA-512,San Mateo County CoC,Non-Singular Gender,*
2018,CA-512,San Mateo County CoC,Transgender,11
2018,CA-513,"Kings, Tulare Counties CoC",Female,1417
2018,CA-513,"Kings, Tulare Counties CoC",Male,1548
2018,CA-513,"Kings, Tulare Counties CoC",Non-Singular Gender,*
2018,CA-513,"Kings, Tulare Counties CoC",Transgender,*
2018,CA-514,"Fresno, Madera Counties CoC",Female,1103
2018,CA-514,"Fresno, Madera Counties CoC",Male,1294
2018,CA-514,"Fresno, Madera Counties CoC",Non-Singular Gender,*
2018,CA-514,"Fresno, Madera Counties CoC",Questioning Gender,*
2018,CA-514,"Fresno, Madera Counties CoC",Transgender,*
2018,CA-514,"Fresno, Madera Counties CoC",Unknown,14
2018,CA-515,Placer County CoC,Female,634
2018,CA-515,Placer County CoC,Male,838
2018,CA-515,Placer County CoC,Transgender,*
2018,CA-515,Placer County CoC,Unknown,*
2018,CA-516,"Shasta, Siskiyou, Lassen, Plumas, Del Norte, Modoc, Sierra Counties CoC",Female,287
2018,CA-516,"Shasta, Siskiyou, Lassen, Plumas, Del Norte, Modoc, Sierra Counties CoC",Male,241
2018,CA-516,"Shasta, Siskiyou, Lassen, Plumas, Del Norte, Modoc, Sierra Counties CoC",Non-Singular Gender,*
2018,CA-516,"Shasta, Siskiyou, Lassen, Plumas, Del Norte, Modoc, Sierra Counties CoC",Unknown,86
2018,CA-517,Napa County CoC,Female,355
2018,CA-517,Napa County CoC,Male,575
2018,CA-517,Napa County CoC,Transgender,*
2018,CA-518,Solano County CoC,Female,447
2018,CA-518,Solano County CoC,Male,453
2018,CA-518,Solano County CoC,Transgender,*
2018,CA-518,Solano County CoC,Unknown,*
2018,CA-519,Butte County CoC,Female,682
2018,CA-519,Butte County CoC,Male,802
2018,CA-519,Butte County CoC,Non-Singular Gender,*
2018,CA-519,Butte County CoC,Transgender,*
2018,CA-520,Merced County CoC,Female,374
2018,CA-520,Merced County CoC,Male,530
2018,CA-520,Merced County CoC,Non-Singular Gender,*
2018,CA-520,Merced County CoC,Transgender,*
2018,CA-521,Yolo County CoC,Female,457
2018,CA-521,Yolo County CoC,Male,475
2018,CA-521,Yolo County CoC,Non-Singular Gender,*
2018,CA-521,Yolo County CoC,Transgender,*
2018,CA-521,Yolo County CoC,Unknown,*
2018,CA-522,Humboldt County CoC,Female,423
2018,CA-522,Humboldt County CoC,Male,590
2018,CA-522,Humboldt County CoC,Non-Singular Gender,11
2018,CA-522,Humboldt County CoC,Questioning Gender,*
2018,CA-522,Humboldt County CoC,Transgender,*
2018,CA-522,Humboldt County CoC,Unknown,17
2018,CA-523,"Colusa, Glenn, Trinity Counties CoC",Female,201
2018,CA-523,"Colusa, Glenn, Trinity Counties CoC",Male,148
2018,CA-523,"Colusa, Glenn, Trinity Counties CoC",Unknown,*
2018,CA-524,"Yuba, Sutter Counties CoC",Female,*
2018,CA-524,"Yuba, Sutter Counties CoC",Male,*
2018,CA-525,El Dorado County CoC,Female,128
2018,CA-525,El Dorado County CoC,Male,114
2018,CA-525,El Dorado County CoC,Non-Singular Gender,*
2018,CA-525,El Dorado County CoC,Transgender,*
2018,CA-525,El Dorado County CoC,Unknown,*
2018,CA-526,"Amador, Calaveras, Mariposa, Tuolumne Counties CoC",Female,236
2018,CA-526,"Amador, Calaveras, Mariposa, Tuolumne Counties CoC",Male,176
2018,CA-526,"Amador, Calaveras, Mariposa, Tuolumne Counties CoC",Transgender,*
2018,CA-527,Tehama County CoC,Female,171
2018,CA-527,Tehama County CoC,Male,245
2018,CA-529,Lake County CoC,Female,46
2018,CA-529,Lake County CoC,Male,45
2018,CA-530,"Alpine, Inyo, Mono Counties CoC",Female,126
2018,CA-530,"Alpine, Inyo, Mono Counties CoC",Male,93
2018,CA-531,Nevada County CoC,Female,197
2018,CA-531,Nevada County CoC,Male,346
2018,CA-531,Nevada County CoC,Non-Singular Gender,*
2018,CA-531,Nevada County CoC,Transgender,*
2018,CA-600,Los Angeles County CoC,Female,30979
2018,CA-600,Los Angeles County CoC,Male,43300
2018,CA-600,Los Angeles County CoC,Non-Singular Gender,76
2018,CA-600,Los Angeles County CoC,Transgender,518
2018,CA-600,Los Angeles County CoC,Unknown,861
2018,CA-601,San Diego County CoC,Female,5804
2018,CA-601,San Diego County CoC,Male,9184
2018,CA-601,San Diego County CoC,Non-Singular Gender,18
2018,CA-601,San Diego County CoC,Transgender,59
2018,CA-601,San Diego County CoC,Unknown,141
2018,CA-602,Orange County CoC,Female,5241
2018,CA-602,Orange County CoC,Male,6715
2018,CA-602,Orange County CoC,Non-Singular Gender,*
2018,CA-602,Orange County CoC,Transgender,22
2018,CA-602,Orange County CoC,Unknown,36
2018,CA-603,Santa Barbara County CoC,Female,991
2018,CA-603,Santa Barbara County CoC,Male,1585
2018,CA-603,Santa Barbara County CoC,Non-Singular Gender,*
2018,CA-603,Santa Barbara County CoC,Transgender,*
2018,CA-603,Santa Barbara County CoC,Unknown,115
2018,CA-604,Kern County CoC,Female,2111
2018,CA-604,Kern County CoC,Male,2711
2018,CA-604,Kern County CoC,Non-Singular Gender,*
2018,CA-604,Kern County CoC,Transgender,*
2018,CA-604,Kern County CoC,Unknown,*
2018,CA-606,Long Beach CoC (Los Angeles County),Female,1095
2018,CA-606,Long Beach CoC (Los Angeles County),Male,1606
2018,CA-606,Long Beach CoC (Los Angeles County),Non-Singular Gender,*
2018,CA-606,Long Beach CoC (Los Angeles County),Transgender,*
2018,CA-607,Pasadena CoC (Los Angeles County),Female,557
2018,CA-607,Pasadena CoC (Los Angeles County),Male,795
2018,CA-607,Pasadena CoC (Los Angeles County),Non-Singular Gender,*
2018,CA-607,Pasadena CoC (Los Angeles County),Transgender,15
2018,CA-607,Pasadena CoC (Los Angeles County),Unknown,*
2018,CA-608,Riverside County CoC,Female,3063
2018,CA-608,Riverside County CoC,Male,4043
2018,CA-608,Riverside County CoC,Non-Singular Gender,*
2018,CA-608,Riverside County CoC,Transgender,25
2018,CA-608,Riverside County CoC,Unknown,24
2018,CA-609,San Bernardino County CoC,Female,3842
2018,CA-609,San Bernardino County CoC,Male,3776
2018,CA-609,San Bernardino County CoC,Transgender,*
2018,CA-611,Ventura County CoC,Female,819
2018,CA-611,Ventura County CoC,Male,916
2018,CA-611,Ventura County CoC,Non-Singular Gender,*
2018,CA-611,Ventura County CoC,Transgender,*
2018,CA-611,Ventura County CoC,Unknown,*
2018,CA-612,Glendale CoC (Los Angeles County),Female,209
2018,CA-612,Glendale CoC (Los Angeles County),Male,165
2018,CA-612,Glendale CoC (Los Angeles County),Transgender,*
2018,CA-612,Glendale CoC (Los Angeles County),Unknown,*
2018,CA-613,Imperial County CoC,Female,308
2018,CA-613,Imperial County CoC,Male,553
2018,CA-613,Imperial County CoC,Transgender,*
2018,CA-614,San Luis Obispo County CoC,Female,831
2018,CA-614,San Luis Obispo County CoC,Male,965
2018,CA-614,San Luis Obispo County CoC,Non-Singular Gender,*
2018,CA-614,San Luis Obispo County CoC,Transgender,*
2019,All,California,Female,101343
2019,All,California,Male,135371
2019,All,California,Non-Singular Gender,336
2019,All,California,Questioning Gender,*
2019,All,California,Transgender,1080
2019,All,California,Unknown,1459
2019,CA-500,Santa Clara County CoC,Female,4587
2019,CA-500,Santa Clara County CoC,Male,7283
2019,CA-500,Santa Clara County CoC,Non-Singular Gender,20
2019,CA-500,Santa Clara County CoC,Transgender,66
2019,CA-500,Santa Clara County CoC,Unknown,13
2019,CA-501,San Francisco CoC,Female,3363
2019,CA-501,San Francisco CoC,Male,4398
2019,CA-501,San Francisco CoC,Non-Singular Gender,45
2019,CA-501,San Francisco CoC,Questioning Gender,*
2019,CA-501,San Francisco CoC,Transgender,98
2019,CA-501,San Francisco CoC,Unknown,93
2019,CA-502,Alameda County CoC,Female,3247
2019,CA-502,Alameda County CoC,Male,4253
2019,CA-502,Alameda County CoC,Non-Singular Gender,13
2019,CA-502,Alameda County CoC,Questioning Gender,*
2019,CA-502,Alameda County CoC,Transgender,37
2019,CA-502,Alameda County CoC,Unknown,*
2019,CA-503,Sacramento County CoC,Female,5313
2019,CA-503,Sacramento County CoC,Male,5554
2019,CA-503,Sacramento County CoC,Non-Singular Gender,28
2019,CA-503,Sacramento County CoC,Transgender,44
2019,CA-503,Sacramento County CoC,Unknown,16
2019,CA-504,Sonoma County CoC,Female,1653
2019,CA-504,Sonoma County CoC,Male,2088
2019,CA-504,Sonoma County CoC,Non-Singular Gender,*
2019,CA-504,Sonoma County CoC,Transgender,18
2019,CA-504,Sonoma County CoC,Unknown,11
2019,CA-505,Contra Costa County CoC,Female,2546
2019,CA-505,Contra Costa County CoC,Male,3542
2019,CA-505,Contra Costa County CoC,Non-Singular Gender,*
2019,CA-505,Contra Costa County CoC,Transgender,13
2019,CA-505,Contra Costa County CoC,Unknown,15
2019,CA-506,"Monterey, San Benito Counties CoC",Female,1235
2019,CA-506,"Monterey, San Benito Counties CoC",Male,1150
2019,CA-506,"Monterey, San Benito Counties CoC",Non-Singular Gender,*
2019,CA-506,"Monterey, San Benito Counties CoC",Transgender,*
2019,CA-507,Marin County CoC,Female,529
2019,CA-507,Marin County CoC,Male,681
2019,CA-507,Marin County CoC,Transgender,*
2019,CA-507,Marin County CoC,Unknown,*
2019,CA-508,Santa Cruz County CoC,Female,857
2019,CA-508,Santa Cruz County CoC,Male,1308
2019,CA-508,Santa Cruz County CoC,Non-Singular Gender,*
2019,CA-508,Santa Cruz County CoC,Transgender,*
2019,CA-508,Santa Cruz County CoC,Unknown,47
2019,CA-509,Mendocino County CoC,Female,315
2019,CA-509,Mendocino County CoC,Male,391
2019,CA-509,Mendocino County CoC,Non-Singular Gender,*
2019,CA-509,Mendocino County CoC,Transgender,*
2019,CA-509,Mendocino County CoC,Unknown,19
2019,CA-510,Stanislaus County CoC,Female,2813
2019,CA-510,Stanislaus County CoC,Male,3374
2019,CA-510,Stanislaus County CoC,Non-Singular Gender,*
2019,CA-510,Stanislaus County CoC,Transgender,*
2019,CA-511,San Joaquin County CoC,Female,5223
2019,CA-511,San Joaquin County CoC,Male,5789
2019,CA-511,San Joaquin County CoC,Non-Singular Gender,*
2019,CA-511,San Joaquin County CoC,Transgender,11
2019,CA-511,San Joaquin County CoC,Unknown,*
2019,CA-512,San Mateo County CoC,Female,1813
2019,CA-512,San Mateo County CoC,Male,2514
2019,CA-512,San Mateo County CoC,Non-Singular Gender,*
2019,CA-512,San Mateo County CoC,Transgender,11
2019,CA-513,"Kings, Tulare Counties CoC",Female,1749
2019,CA-513,"Kings, Tulare Counties CoC",Male,1691
2019,CA-513,"Kings, Tulare Counties CoC",Non-Singular Gender,*
2019,CA-513,"Kings, Tulare Counties CoC",Transgender,*
2019,CA-513,"Kings, Tulare Counties CoC",Unknown,*
2019,CA-514,"Fresno, Madera Counties CoC",Female,1216
2019,CA-514,"Fresno, Madera Counties CoC",Male,1438
2019,CA-514,"Fresno, Madera Counties CoC",Non-Singular Gender,*
2019,CA-514,"Fresno, Madera Counties CoC",Questioning Gender,*
2019,CA-514,"Fresno, Madera Counties CoC",Transgender,15
2019,CA-514,"Fresno, Madera Counties CoC",Unknown,11
2019,CA-515,Placer County CoC,Female,744
2019,CA-515,Placer County CoC,Male,921
2019,CA-515,Placer County CoC,Non-Singular Gender,*
2019,CA-515,Placer County CoC,Transgender,*
2019,CA-515,Placer County CoC,Unknown,11
2019,CA-516,"Shasta, Siskiyou, Lassen, Plumas, Del Norte, Modoc, Sierra Counties CoC",Female,369
2019,CA-516,"Shasta, Siskiyou, Lassen, Plumas, Del Norte, Modoc, Sierra Counties CoC",Male,325
2019,CA-516,"Shasta, Siskiyou, Lassen, Plumas, Del Norte, Modoc, Sierra Counties CoC",Unknown,163
2019,CA-517,Napa County CoC,Female,372
2019,CA-517,Napa County CoC,Male,555
2019,CA-517,Napa County CoC,Non-Singular Gender,*
2019,CA-517,Napa County CoC,Transgender,*
2019,CA-518,Solano County CoC,Female,573
2019,CA-518,Solano County CoC,Male,584
2019,CA-518,Solano County CoC,Transgender,*
2019,CA-518,Solano County CoC,Unknown,*
2019,CA-519,Butte County CoC,Female,758
2019,CA-519,Butte County CoC,Male,987
2019,CA-519,Butte County CoC,Non-Singular Gender,*
2019,CA-519,Butte County CoC,Transgender,*
2019,CA-520,Merced County CoC,Female,1601
2019,CA-520,Merced County CoC,Male,1520
2019,CA-520,Merced County CoC,Non-Singular Gender,*
2019,CA-520,Merced County CoC,Transgender,*
2019,CA-521,Yolo County CoC,Female,584
2019,CA-521,Yolo County CoC,Male,595
2019,CA-521,Yolo County CoC,Non-Singular Gender,*
2019,CA-521,Yolo County CoC,Transgender,*
2019,CA-521,Yolo County CoC,Unknown,*
2019,CA-522,Humboldt County CoC,Female,541
2019,CA-522,Humboldt County CoC,Male,886
2019,CA-522,Humboldt County CoC,Non-Singular Gender,*
2019,CA-522,Humboldt County CoC,Questioning Gender,*
2019,CA-522,Humboldt County CoC,Transgender,12
2019,CA-522,Humboldt County CoC,Unknown,149
2019,CA-523,"Colusa, Glenn, Trinity Counties CoC",Female,215
2019,CA-523,"Colusa, Glenn, Trinity Counties CoC",Male,168
2019,CA-523,"Colusa, Glenn, Trinity Counties CoC",Non-Singular Gender,*
2019,CA-523,"Colusa, Glenn, Trinity Counties CoC",Unknown,*
2019,CA-524,"Yuba, Sutter Counties CoC",Female,15
2019,CA-524,"Yuba, Sutter Counties CoC",Male,12
2019,CA-525,El Dorado County CoC,Female,103
2019,CA-525,El Dorado County CoC,Male,113
2019,CA-525,El Dorado County CoC,Non-Singular Gender,*
2019,CA-525,El Dorado County CoC,Transgender,*
2019,CA-526,"Amador, Calaveras, Mariposa, Tuolumne Counties CoC",Female,216
2019,CA-526,"Amador, Calaveras, Mariposa, Tuolumne Counties CoC",Male,170
2019,CA-526,"Amador, Calaveras, Mariposa, Tuolumne Counties CoC",Transgender,*
2019,CA-527,Tehama County CoC,Female,140
2019,CA-527,Tehama County CoC,Male,234
2019,CA-527,Tehama County CoC,Unknown,*
2019,CA-529,Lake County CoC,Female,136
2019,CA-529,Lake County CoC,Male,113
2019,CA-529,Lake County CoC,Transgender,*
2019,CA-530,"Alpine, Inyo, Mono Counties CoC",Female,80
2019,CA-530,"Alpine, Inyo, Mono Counties CoC",Male,74
2019,CA-531,Nevada County CoC,Female,217
2019,CA-531,Nevada County CoC,Male,393
2019,CA-531,Nevada County CoC,Non-Singular Gender,*
2019,CA-531,Nevada County CoC,Transgender,*
2019,CA-531,Nevada County CoC,Unknown,*
2019,CA-600,Los Angeles County CoC,Female,34484
2019,CA-600,Los Angeles County CoC,Male,50325
2019,CA-600,Los Angeles County CoC,Non-Singular Gender,109
2019,CA-600,Los Angeles County CoC,Transgender,550
2019,CA-600,Los Angeles County CoC,Unknown,685
2019,CA-601,San Diego County CoC,Female,5907
2019,CA-601,San Diego County CoC,Male,10025
2019,CA-601,San Diego County CoC,Non-Singular Gender,27
2019,CA-601,San Diego County CoC,Transgender,65
2019,CA-601,San Diego County CoC,Unknown,142
2019,CA-602,Orange County CoC,Female,5190
2019,CA-602,Orange County CoC,Male,7146
2019,CA-602,Orange County CoC,Non-Singular Gender,*
2019,CA-602,Orange County CoC,Transgender,34
2019,CA-602,Orange County CoC,Unknown,14
2019,CA-603,Santa Barbara County CoC,Female,1091
2019,CA-603,Santa Barbara County CoC,Male,1689
2019,CA-603,Santa Barbara County CoC,Non-Singular Gender,*
2019,CA-603,Santa Barbara County CoC,Transgender,*
2019,CA-603,Santa Barbara County CoC,Unknown,*
2019,CA-604,Kern County CoC,Female,2343
2019,CA-604,Kern County CoC,Male,2772
2019,CA-604,Kern County CoC,Non-Singular Gender,*
2019,CA-604,Kern County CoC,Transgender,*
2019,CA-606,Long Beach CoC (Los Angeles County),Female,1438
2019,CA-606,Long Beach CoC (Los Angeles County),Male,2509
2019,CA-606,Long Beach CoC (Los Angeles County),Non-Singular Gender,*
2019,CA-606,Long Beach CoC (Los Angeles County),Transgender,*
2019,CA-606,Long Beach CoC (Los Angeles County),Unknown,*
2019,CA-607,Pasadena CoC (Los Angeles County),Female,427
2019,CA-607,Pasadena CoC (Los Angeles County),Male,666
2019,CA-607,Pasadena CoC (Los Angeles County),Transgender,12
2019,CA-607,Pasadena CoC (Los Angeles County),Unknown,*
2019,CA-608,Riverside County CoC,Female,3569
2019,CA-608,Riverside County CoC,Male,4398
2019,CA-608,Riverside County CoC,Non-Singular Gender,*
2019,CA-608,Riverside County CoC,Transgender,22
2019,CA-608,Riverside County CoC,Unknown,*
2019,CA-609,San Bernardino County CoC,Female,4043
2019,CA-609,San Bernardino County CoC,Male,3984
2019,CA-609,San Bernardino County CoC,Non-Singular Gender,*
2019,CA-609,San Bernardino County CoC,Questioning Gender,*
2019,CA-609,San Bernardino County CoC,Transgender,*
2019,CA-611,Ventura County CoC,Female,950
2019,CA-611,Ventura County CoC,Male,1093
2019,CA-611,Ventura County CoC,Non-Singular Gender,*
2019,CA-611,Ventura County CoC,Transgender,*
2019,CA-611,Ventura County CoC,Unknown,*
2019,CA-612,Glendale CoC (Los Angeles County),Female,250
2019,CA-612,Glendale CoC (Los Angeles County),Male,192
2019,CA-612,Glendale CoC (Los Angeles County),Non-Singular Gender,*
2019,CA-612,Glendale CoC (Los Angeles County),Transgender,*
2019,CA-613,Imperial County CoC,Female,280
2019,CA-613,Imperial County CoC,Male,547
2019,CA-613,Imperial County CoC,Unknown,*
2019,CA-614,San Luis Obispo County CoC,Female,886
2019,CA-614,San Luis Obispo County CoC,Male,1148
2019,CA-614,San Luis Obispo County CoC,Non-Singular Gender,*
2019,CA-614,San Luis Obispo County CoC,Transgender,*
2019,CA-614,San Luis Obispo County CoC,Unknown,*
2020,All,California,Female,104887
2020,All,California,Male,145476
2020,All,California,Non-Singular Gender,427
2020,All,California,Questioning Gender,11
2020,All,California,Transgender,1245
2020,All,California,Unknown,2052
2020,CA-500,Santa Clara County CoC,Female,5299
2020,CA-500,Santa Clara County CoC,Male,8019
2020,CA-500,Santa Clara County CoC,Non-Singular Gender,30
2020,CA-500,Santa Clara County CoC,Transgender,59
2020,CA-500,Santa Clara County CoC,Unknown,49
2020,CA-501,San Francisco CoC,Female,4390
2020,CA-501,San Francisco CoC,Male,6796
2020,CA-501,San Francisco CoC,Non-Singular Gender,68
2020,CA-501,San Francisco CoC,Questioning Gender,*
2020,CA-501,San Francisco CoC,Transgender,154
2020,CA-501,San Francisco CoC,Unknown,115
2020,CA-502,Alameda County CoC,Female,3660
2020,CA-502,Alameda County CoC,Male,5405
2020,CA-502,Alameda County CoC,Non-Singular Gender,22
2020,CA-502,Alameda County CoC,Questioning Gender,*
2020,CA-502,Alameda County CoC,Transgender,37
2020,CA-502,Alameda County CoC,Unknown,*
2020,CA-503,Sacramento County CoC,Female,4558
2020,CA-503,Sacramento County CoC,Male,5202
2020,CA-503,Sacramento County CoC,Non-Singular Gender,33
2020,CA-503,Sacramento County CoC,Questioning Gender,*
2020,CA-503,Sacramento County CoC,Transgender,50
2020,CA-503,Sacramento County CoC,Unknown,77
2020,CA-504,Sonoma County CoC,Female,1518
2020,CA-504,Sonoma County CoC,Male,2091
2020,CA-504,Sonoma County CoC,Non-Singular Gender,*
2020,CA-504,Sonoma County CoC,Questioning Gender,*
2020,CA-504,Sonoma County CoC,Transgender,15
2020,CA-504,Sonoma County CoC,Unknown,16
2020,CA-505,Contra Costa County CoC,Female,2726
2020,CA-505,Contra Costa County CoC,Male,3570
2020,CA-505,Contra Costa County CoC,Non-Singular Gender,*
2020,CA-505,Contra Costa County CoC,Transgender,16
2020,CA-505,Contra Costa County CoC,Unknown,24
2020,CA-506,"Monterey, San Benito Counties CoC",Female,1049
2020,CA-506,"Monterey, San Benito Counties CoC",Male,1054
2020,CA-506,"Monterey, San Benito Counties CoC",Non-Singular Gender,*
2020,CA-506,"Monterey, San Benito Counties CoC",Transgender,*
2020,CA-506,"Monterey, San Benito Counties CoC",Unknown,*
2020,CA-507,Marin County CoC,Female,488
2020,CA-507,Marin County CoC,Male,631
2020,CA-507,Marin County CoC,Non-Singular Gender,*
2020,CA-507,Marin County CoC,Transgender,*
2020,CA-508,Santa Cruz County CoC,Female,948
2020,CA-508,Santa Cruz County CoC,Male,1419
2020,CA-508,Santa Cruz County CoC,Non-Singular Gender,*
2020,CA-508,Santa Cruz County CoC,Transgender,*
2020,CA-508,Santa Cruz County CoC,Unknown,16
2020,CA-509,Mendocino County CoC,Female,451
2020,CA-509,Mendocino County CoC,Male,514
2020,CA-509,Mendocino County CoC,Non-Singular Gender,*
2020,CA-509,Mendocino County CoC,Transgender,*
2020,CA-509,Mendocino County CoC,Unknown,*
2020,CA-510,Stanislaus County CoC,Female,2195
2020,CA-510,Stanislaus County CoC,Male,2598
2020,CA-510,Stanislaus County CoC,Non-Singular Gender,*
2020,CA-510,Stanislaus County CoC,Transgender,*
2020,CA-511,San Joaquin County CoC,Female,3541
2020,CA-511,San Joaquin County CoC,Male,4165
2020,CA-511,San Joaquin County CoC,Non-Singular Gender,*
2020,CA-511,San Joaquin County CoC,Transgender,11
2020,CA-511,San Joaquin County CoC,Unknown,*
2020,CA-512,San Mateo County CoC,Female,1758
2020,CA-512,San Mateo County CoC,Male,2484
2020,CA-512,San Mateo County CoC,Non-Singular Gender,*
2020,CA-512,San Mateo County CoC,Transgender,15
2020,CA-513,"Kings, Tulare Counties CoC",Female,1669
2020,CA-513,"Kings, Tulare Counties CoC",Male,1613
2020,CA-513,"Kings, Tulare Counties CoC",Non-Singular Gender,*
2020,CA-513,"Kings, Tulare Counties CoC",Transgender,*
2020,CA-514,"Fresno, Madera Counties CoC",Female,1844
2020,CA-514,"Fresno, Madera Counties CoC",Male,2338
2020,CA-514,"Fresno, Madera Counties CoC",Non-Singular Gender,*
2020,CA-514,"Fresno, Madera Counties CoC",Questioning Gender,*
2020,CA-514,"Fresno, Madera Counties CoC",Transgender,17
2020,CA-514,"Fresno, Madera Counties CoC",Unknown,*
2020,CA-515,Placer County CoC,Female,762
2020,CA-515,Placer County CoC,Male,957
2020,CA-515,Placer County CoC,Non-Singular Gender,*
2020,CA-515,Placer County CoC,Transgender,*
2020,CA-515,Placer County CoC,Unknown,13
2020,CA-516,"Shasta, Siskiyou, Lassen, Plumas, Del Norte, Modoc, Sierra Counties CoC",Female,629
2020,CA-516,"Shasta, Siskiyou, Lassen, Plumas, Del Norte, Modoc, Sierra Counties CoC",Male,655
2020,CA-516,"Shasta, Siskiyou, Lassen, Plumas, Del Norte, Modoc, Sierra Counties CoC",Non-Singular Gender,*
2020,CA-516,"Shasta, Siskiyou, Lassen, Plumas, Del Norte, Modoc, Sierra Counties CoC",Transgender,*
2020,CA-516,"Shasta, Siskiyou, Lassen, Plumas, Del Norte, Modoc, Sierra Counties CoC",Unknown,185
2020,CA-517,Napa County CoC,Female,511
2020,CA-517,Napa County CoC,Male,853
2020,CA-517,Napa County CoC,Non-Singular Gender,*
2020,CA-517,Napa County CoC,Transgender,*
2020,CA-517,Napa County CoC,Unknown,*
2020,CA-518,Solano County CoC,Female,603
2020,CA-518,Solano County CoC,Male,806
2020,CA-518,Solano County CoC,Non-Singular Gender,*
2020,CA-518,Solano County CoC,Questioning Gender,*
2020,CA-518,Solano County CoC,Transgender,*
2020,CA-518,Solano County CoC,Unknown,*
2020,CA-519,Butte County CoC,Female,815
2020,CA-519,Butte County CoC,Male,1020
2020,CA-519,Butte County CoC,Non-Singular Gender,*
2020,CA-519,Butte County CoC,Transgender,*
2020,CA-519,Butte County CoC,Unknown,*
2020,CA-520,Merced County CoC,Female,1385
2020,CA-520,Merced County CoC,Male,1300
2020,CA-520,Merced County CoC,Transgender,*
2020,CA-521,Yolo County CoC,Female,706
2020,CA-521,Yolo County CoC,Male,860
2020,CA-521,Yolo County CoC,Non-Singular Gender,*
2020,CA-521,Yolo County CoC,Transgender,*
2020,CA-521,Yolo County CoC,Unknown,*
2020,CA-522,Humboldt County CoC,Female,564
2020,CA-522,Humboldt County CoC,Male,1005
2020,CA-522,Humboldt County CoC,Non-Singular Gender,*
2020,CA-522,Humboldt County CoC,Transgender,*
2020,CA-522,Humboldt County CoC,Unknown,183
2020,CA-523,"Colusa, Glenn, Trinity Counties CoC",Female,285
2020,CA-523,"Colusa, Glenn, Trinity Counties CoC",Male,227
2020,CA-523,"Colusa, Glenn, Trinity Counties CoC",Transgender,*
2020,CA-523,"Colusa, Glenn, Trinity Counties CoC",Unknown,*
2020,CA-524,"Yuba, Sutter Counties CoC",Female,398
2020,CA-524,"Yuba, Sutter Counties CoC",Male,313
2020,CA-524,"Yuba, Sutter Counties CoC",Transgender,*
2020,CA-525,El Dorado County CoC,Female,121
2020,CA-525,El Dorado County CoC,Male,150
2020,CA-525,El Dorado County CoC,Non-Singular Gender,*
2020,CA-525,El Dorado County CoC,Transgender,*
2020,CA-526,"Amador, Calaveras, Mariposa, Tuolumne Counties CoC",Female,184
2020,CA-526,"Amador, Calaveras, Mariposa, Tuolumne Counties CoC",Male,139
2020,CA-527,Tehama County CoC,Female,179
2020,CA-527,Tehama County CoC,Male,269
2020,CA-529,Lake County CoC,Female,101
2020,CA-529,Lake County CoC,Male,116
2020,CA-529,Lake County CoC,Transgender,*
2020,CA-530,"Alpine, Inyo, Mono Counties CoC",Female,98
2020,CA-530,"Alpine, Inyo, Mono Counties CoC",Male,122
2020,CA-530,"Alpine, Inyo, Mono Counties CoC",Unknown,*
2020,CA-531,Nevada County CoC,Female,184
2020,CA-531,Nevada County CoC,Male,359
2020,CA-531,Nevada County CoC,Non-Singular Gender,*
2020,CA-531,Nevada County CoC,Transgender,*
2020,CA-531,Nevada County CoC,Unknown,*
2020,CA-600,Los Angeles County CoC,Female,33761
2020,CA-600,Los Angeles County CoC,Male,52701
2020,CA-600,Los Angeles County CoC,Non-Singular Gender,136
2020,CA-600,Los Angeles County CoC,Transgender,629
2020,CA-600,Los Angeles County CoC,Unknown,955
2020,CA-601,San Diego County CoC,Female,7646
2020,CA-601,San Diego County CoC,Male,12411
2020,CA-601,San Diego County CoC,Non-Singular Gender,42
2020,CA-601,San Diego County CoC,Questioning Gender,*
2020,CA-601,San Diego County CoC,Transgender,80
2020,CA-601,San Diego County CoC,Unknown,309
2020,CA-602,Orange County CoC,Female,5384
2020,CA-602,Orange County CoC,Male,6838
2020,CA-602,Orange County CoC,Non-Singular Gender,12
2020,CA-602,Orange County CoC,Questioning Gender,*
2020,CA-602,Orange County CoC,Transgender,29
2020,CA-602,Orange County CoC,Unknown,26
2020,CA-603,Santa Barbara County CoC,Female,1147
2020,CA-603,Santa Barbara County CoC,Male,1746
2020,CA-603,Santa Barbara County CoC,Non-Singular Gender,*
2020,CA-603,Santa Barbara County CoC,Transgender,*
2020,CA-603,Santa Barbara County CoC,Unknown,14
2020,CA-604,Kern County CoC,Female,2830
2020,CA-604,Kern County CoC,Male,2872
2020,CA-604,Kern County CoC,Transgender,*
2020,CA-606,Long Beach CoC (Los Angeles County),Female,1559
2020,CA-606,Long Beach CoC (Los Angeles County),Male,2513
2020,CA-606,Long Beach CoC (Los Angeles County),Non-Singular Gender,*
2020,CA-606,Long Beach CoC (Los Angeles County),Transgender,16
2020,CA-606,Long Beach CoC (Los Angeles County),Unknown,14
2020,CA-607,Pasadena CoC (Los Angeles County),Female,399
2020,CA-607,Pasadena CoC (Los Angeles County),Male,560
2020,CA-607,Pasadena CoC (Los Angeles County),Transgender,*
2020,CA-607,Pasadena CoC (Los Angeles County),Unknown,*
2020,CA-608,Riverside County CoC,Female,4077
2020,CA-608,Riverside County CoC,Male,5071
2020,CA-608,Riverside County CoC,Non-Singular Gender,*
2020,CA-608,Riverside County CoC,Transgender,25
2020,CA-608,Riverside County CoC,Unknown,*
2020,CA-609,San Bernardino County CoC,Female,4607
2020,CA-609,San Bernardino County CoC,Male,4708
2020,CA-609,San Bernardino County CoC,Non-Singular Gender,*
2020,CA-609,San Bernardino County CoC,Transgender,11
2020,CA-609,San Bernardino County CoC,Unknown,*
2020,CA-611,Ventura County CoC,Female,983
2020,CA-611,Ventura County CoC,Male,1240
2020,CA-611,Ventura County CoC,Non-Singular Gender,*
2020,CA-611,Ventura County CoC,Transgender,*
2020,CA-611,Ventura County CoC,Unknown,*
2020,CA-612,Glendale CoC (Los Angeles County),Female,247
2020,CA-612,Glendale CoC (Los Angeles County),Male,249
2020,CA-612,Glendale CoC (Los Angeles County),Non-Singular Gender,*
2020,CA-612,Glendale CoC (Los Angeles County),Transgender,*
2020,CA-613,Imperial County CoC,Female,414
2020,CA-613,Imperial County CoC,Male,587
2020,CA-613,Imperial County CoC,Non-Singular Gender,*
2020,CA-613,Imperial County CoC,Unknown,*
2020,CA-614,San Luis Obispo County CoC,Female,749
2020,CA-614,San Luis Obispo County CoC,Male,937
2020,CA-614,San Luis Obispo County CoC,Transgender,*
2020,CA-614,San Luis Obispo County CoC,Unknown,*
2021,All,California,Female,111854
2021,All,California,Male,152937
2021,All,California,Non-Singular Gender,630
2021,All,California,Questioning Gender,25
2021,All,California,Transgender,1341
2021,All,California,Unknown,3564
2021,CA-500,Santa Clara County CoC,Female,6082
2021,CA-500,Santa Clara County CoC,Male,8642
2021,CA-500,Santa Clara County CoC,Non-Singular Gender,40
2021,CA-500,Santa Clara County CoC,Transgender,69
2021,CA-500,Santa Clara County CoC,Unknown,66
2021,CA-501,San Francisco CoC,Female,5293
2021,CA-501,San Francisco CoC,Male,8231
2021,CA-501,San Francisco CoC,Non-Singular Gender,94
2021,CA-501,San Francisco CoC,Questioning Gender,*
2021,CA-501,San Francisco CoC,Transgender,162
2021,CA-501,San Francisco CoC,Unknown,116
2021,CA-502,Alameda County CoC,Female,4202
2021,CA-502,Alameda County CoC,Male,5791
2021,CA-502,Alameda County CoC,Non-Singular Gender,31
2021,CA-502,Alameda County CoC,Questioning Gender,*
2021,CA-502,Alameda County CoC,Transgender,28
2021,CA-502,Alameda County CoC,Unknown,66
2021,CA-503,Sacramento County CoC,Female,4875
2021,CA-503,Sacramento County CoC,Male,5258
2021,CA-503,Sacramento County CoC,Non-Singular Gender,53
2021,CA-503,Sacramento County CoC,Questioning Gender,*
2021,CA-503,Sacramento County CoC,Transgender,51
2021,CA-503,Sacramento County CoC,Unknown,254
2021,CA-504,Sonoma County CoC,Female,1442
2021,CA-504,Sonoma County CoC,Male,1917
2021,CA-504,Sonoma County CoC,Non-Singular Gender,15
2021,CA-504,Sonoma County CoC,Transgender,20
2021,CA-504,Sonoma County CoC,Unknown,*
2021,CA-505,Contra Costa County CoC,Female,3134
2021,CA-505,Contra Costa County CoC,Male,3964
2021,CA-505,Contra Costa County CoC,Non-Singular Gender,*
2021,CA-505,Contra Costa County CoC,Transgender,12
2021,CA-505,Contra Costa County CoC,Unknown,19
2021,CA-506,"Monterey, San Benito Counties CoC",Female,1078
2021,CA-506,"Monterey, San Benito Counties CoC",Male,1236
2021,CA-506,"Monterey, San Benito Counties CoC",Non-Singular Gender,*
2021,CA-506,"Monterey, San Benito Counties CoC",Transgender,*
2021,CA-506,"Monterey, San Benito Counties CoC",Unknown,*
2021,CA-507,Marin County CoC,Female,720
2021,CA-507,Marin County CoC,Male,939
2021,CA-507,Marin County CoC,Non-Singular Gender,*
2021,CA-507,Marin County CoC,Transgender,*
2021,CA-507,Marin County CoC,Unknown,98
2021,CA-508,Santa Cruz County CoC,Female,969
2021,CA-508,Santa Cruz County CoC,Male,1405
2021,CA-508,Santa Cruz County CoC,Non-Singular Gender,*
2021,CA-508,Santa Cruz County CoC,Transgender,11
2021,CA-508,Santa Cruz County CoC,Unknown,*
2021,CA-509,Mendocino County CoC,Female,606
2021,CA-509,Mendocino County CoC,Male,687
2021,CA-509,Mendocino County CoC,Non-Singular Gender,*
2021,CA-509,Mendocino County CoC,Transgender,*
2021,CA-509,Mendocino County CoC,Unknown,*
2021,CA-510,Stanislaus County CoC,Female,2089
2021,CA-510,Stanislaus County CoC,Male,2810
2021,CA-510,Stanislaus County CoC,Non-Singular Gender,11
2021,CA-510,Stanislaus County CoC,Questioning Gender,*
2021,CA-510,Stanislaus County CoC,Transgender,13
2021,CA-510,Stanislaus County CoC,Unknown,*
2021,CA-511,San Joaquin County CoC,Female,3136
2021,CA-511,San Joaquin County CoC,Male,3580
2021,CA-511,San Joaquin County CoC,Non-Singular Gender,*
2021,CA-511,San Joaquin County CoC,Questioning Gender,*
2021,CA-511,San Joaquin County CoC,Transgender,*
2021,CA-511,San Joaquin County CoC,Unknown,40
2021,CA-512,San Mateo County CoC,Female,1805
2021,CA-512,San Mateo County CoC,Male,2643
2021,CA-512,San Mateo County CoC,Non-Singular Gender,*
2021,CA-512,San Mateo County CoC,Transgender,13
2021,CA-512,San Mateo County CoC,Unknown,*
2021,CA-513,"Kings, Tulare Counties CoC",Female,1757
2021,CA-513,"Kings, Tulare Counties CoC",Male,1668
2021,CA-513,"Kings, Tulare Counties CoC",Non-Singular Gender,*
2021,CA-513,"Kings, Tulare Counties CoC",Transgender,*
2021,CA-514,"Fresno, Madera Counties CoC",Female,2658
2021,CA-514,"Fresno, Madera Counties CoC",Male,3460
2021,CA-514,"Fresno, Madera Counties CoC",Non-Singular Gender,*
2021,CA-514,"Fresno, Madera Counties CoC",Questioning Gender,*
2021,CA-514,"Fresno, Madera Counties CoC",Transgender,32
2021,CA-514,"Fresno, Madera Counties CoC",Unknown,26
2021,CA-515,Placer County CoC,Female,904
2021,CA-515,Placer County CoC,Male,1104
2021,CA-515,Placer County CoC,Non-Singular Gender,*
2021,CA-515,Placer County CoC,Transgender,*
2021,CA-515,Placer County CoC,Unknown,*
2021,CA-516,"Shasta, Siskiyou, Lassen, Plumas, Del Norte, Modoc, Sierra Counties CoC",Female,872
2021,CA-516,"Shasta, Siskiyou, Lassen, Plumas, Del Norte, Modoc, Sierra Counties CoC",Male,896
2021,CA-516,"Shasta, Siskiyou, Lassen, Plumas, Del Norte, Modoc, Sierra Counties CoC",Non-Singular Gender,*
2021,CA-516,"Shasta, Siskiyou, Lassen, Plumas, Del Norte, Modoc, Sierra Counties CoC",Questioning Gender,*
2021,CA-516,"Shasta, Siskiyou, Lassen, Plumas, Del Norte, Modoc, Sierra Counties CoC",Transgender,*
2021,CA-516,"Shasta, Siskiyou, Lassen, Plumas, Del Norte, Modoc, Sierra Counties CoC",Unknown,41
2021,CA-517,Napa County CoC,Female,307
2021,CA-517,Napa County CoC,Male,438
2021,CA-517,Napa County CoC,Non-Singular Gender,*
2021,CA-517,Napa County CoC,Transgender,*
2021,CA-517,Napa County CoC,Unknown,*
2021,CA-518,Solano County CoC,Female,645
2021,CA-518,Solano County CoC,Male,917
2021,CA-518,Solano County CoC,Non-Singular Gender,*
2021,CA-518,Solano County CoC,Questioning Gender,*
2021,CA-518,Solano County CoC,Transgender,*
2021,CA-518,Solano County CoC,Unknown,*
2021,CA-519,Butte County CoC,Female,926
2021,CA-519,Butte County CoC,Male,1117
2021,CA-519,Butte County CoC,Non-Singular Gender,*
2021,CA-519,Butte County CoC,Transgender,*
2021,CA-519,Butte County CoC,Unknown,*
2021,CA-520,Merced County CoC,Female,1061
2021,CA-520,Merced County CoC,Male,1296
2021,CA-520,Merced County CoC,Non-Singular Gender,*
2021,CA-520,Merced County CoC,Transgender,*
2021,CA-520,Merced County CoC,Unknown,*
2021,CA-521,Yolo County CoC,Female,688
2021,CA-521,Yolo County CoC,Male,785
2021,CA-521,Yolo County CoC,Non-Singular Gender,*
2021,CA-521,Yolo County CoC,Transgender,*
2021,CA-521,Yolo County CoC,Unknown,*
2021,CA-522,Humboldt County CoC,Female,578
2021,CA-522,Humboldt County CoC,Male,934
2021,CA-522,Humboldt County CoC,Non-Singular Gender,21
2021,CA-522,Humboldt County CoC,Questioning Gender,*
2021,CA-522,Humboldt County CoC,Transgender,*
2021,CA-522,Humboldt County CoC,Unknown,101
2021,CA-523,"Colusa, Glenn, Trinity Counties CoC",Female,372
2021,CA-523,"Colusa, Glenn, Trinity Counties CoC",Male,309
2021,CA-523,"Colusa, Glenn, Trinity Counties CoC",Unknown,*
2021,CA-524,"Yuba, Sutter Counties CoC",Female,1134
2021,CA-524,"Yuba, Sutter Counties CoC",Male,1027
2021,CA-524,"Yuba, Sutter Counties CoC",Non-Singular Gender,*
2021,CA-524,"Yuba, Sutter Counties CoC",Transgender,*
2021,CA-525,El Dorado County CoC,Female,157
2021,CA-525,El Dorado County CoC,Male,188
2021,CA-525,El Dorado County CoC,Non-Singular Gender,*
2021,CA-525,El Dorado County CoC,Transgender,*
2021,CA-526,"Amador, Calaveras, Mariposa, Tuolumne Counties CoC",Female,205
2021,CA-526,"Amador, Calaveras, Mariposa, Tuolumne Counties CoC",Male,162
2021,CA-527,Tehama County CoC,Female,137
2021,CA-527,Tehama County CoC,Male,149
2021,CA-529,Lake County CoC,Female,166
2021,CA-529,Lake County CoC,Male,233
2021,CA-529,Lake County CoC,Transgender,*
2021,CA-530,"Alpine, Inyo, Mono Counties CoC",Female,110
2021,CA-530,"Alpine, Inyo, Mono Counties CoC",Male,116
2021,CA-531,Nevada County CoC,Female,293
2021,CA-531,Nevada County CoC,Male,395
2021,CA-531,Nevada County CoC,Non-Singular Gender,*
2021,CA-531,Nevada County CoC,Transgender,*
2021,CA-531,Nevada County CoC,Unknown,30
2021,CA-600,Los Angeles County CoC,Female,32652
2021,CA-600,Los Angeles County CoC,Male,51419
2021,CA-600,Los Angeles County CoC,Non-Singular Gender,169
2021,CA-600,Los Angeles County CoC,Questioning Gender,*
2021,CA-600,Los Angeles County CoC,Transgender,604
2021,CA-600,Los Angeles County CoC,Unknown,1068
2021,CA-601,San Diego County CoC,Female,8991
2021,CA-601,San Diego County CoC,Male,13470
2021,CA-601,San Diego County CoC,Non-Singular Gender,51
2021,CA-601,San Diego County CoC,Questioning Gender,*
2021,CA-601,San Diego County CoC,Transgender,97
2021,CA-601,San Diego County CoC,Unknown,111
2021,CA-602,Orange County CoC,Female,6518
2021,CA-602,Orange County CoC,Male,8733
2021,CA-602,Orange County CoC,Non-Singular Gender,42
2021,CA-602,Orange County CoC,Questioning Gender,*
2021,CA-602,Orange County CoC,Transgender,47
2021,CA-602,Orange County CoC,Unknown,1354
2021,CA-603,Santa Barbara County CoC,Female,1376
2021,CA-603,Santa Barbara County CoC,Male,1918
2021,CA-603,Santa Barbara County CoC,Non-Singular Gender,13
2021,CA-603,Santa Barbara County CoC,Questioning Gender,*
2021,CA-603,Santa Barbara County CoC,Transgender,14
2021,CA-603,Santa Barbara County CoC,Unknown,*
2021,CA-604,Kern County CoC,Female,3816
2021,CA-604,Kern County CoC,Male,3992
2021,CA-604,Kern County CoC,Non-Singular Gender,*
2021,CA-604,Kern County CoC,Transgender,21
2021,CA-606,Long Beach CoC (Los Angeles County),Female,1253
2021,CA-606,Long Beach CoC (Los Angeles County),Male,1995
2021,CA-606,Long Beach CoC (Los Angeles County),Non-Singular Gender,*
2021,CA-606,Long Beach CoC (Los Angeles County),Transgender,14
2021,CA-606,Long Beach CoC (Los Angeles County),Unknown,48
2021,CA-607,Pasadena CoC (Los Angeles County),Female,307
2021,CA-607,Pasadena CoC (Los Angeles County),Male,411
2021,CA-607,Pasadena CoC (Los Angeles County),Transgender,*
2021,CA-607,Pasadena CoC (Los Angeles County),Unknown,41
2021,CA-608,Riverside County CoC,Female,4001
2021,CA-608,Riverside County CoC,Male,4422
2021,CA-608,Riverside County CoC,Non-Singular Gender,14
2021,CA-608,Riverside County CoC,Transgender,37
2021,CA-608,Riverside County CoC,Unknown,12
2021,CA-609,San Bernardino County CoC,Female,4300
2021,CA-609,San Bernardino County CoC,Male,4479
2021,CA-609,San Bernardino County CoC,Non-Singular Gender,*
2021,CA-609,San Bernardino County CoC,Questioning Gender,*
2021,CA-609,San Bernardino County CoC,Transgender,14
2021,CA-609,San Bernardino County CoC,Unknown,*
2021,CA-611,Ventura County CoC,Female,956
2021,CA-611,Ventura County CoC,Male,1347
2021,CA-611,Ventura County CoC,Non-Singular Gender,*
2021,CA-611,Ventura County CoC,Transgender,13
2021,CA-611,Ventura County CoC,Unknown,*
2021,CA-612,Glendale CoC (Los Angeles County),Female,236
2021,CA-612,Glendale CoC (Los Angeles County),Male,290
2021,CA-612,Glendale CoC (Los Angeles County),Non-Singular Gender,*
2021,CA-612,Glendale CoC (Los Angeles County),Transgender,11
2021,CA-613,Imperial County CoC,Female,790
2021,CA-613,Imperial County CoC,Male,870
2021,CA-613,Imperial County CoC,Transgender,*
2021,CA-613,Imperial County CoC,Unknown,11
2021,CA-614,San Luis Obispo County CoC,Female,1017
2021,CA-614,San Luis Obispo County CoC,Male,1313
2021,CA-614,San Luis Obispo County CoC,Non-Singular Gender,*
2021,CA-614,San Luis Obispo County CoC,Transgender,*
2021,CA-614,San Luis Obispo County CoC,Unknown,*
2022,All,California,Female,132895
2022,All,California,Male,175144
2022,All,California,Non-Singular Gender,862
2022,All,California,Questioning Gender,58
2022,All,California,Transgender,1573
2022,All,California,Unknown,5315
2022,CA-500,Santa Clara County CoC,Female,7007
2022,CA-500,Santa Clara County CoC,Male,9578
2022,CA-500,Santa Clara County CoC,Non-Singular Gender,43
2022,CA-500,Santa Clara County CoC,Transgender,59
2022,CA-500,Santa Clara County CoC,Unknown,73
2022,CA-501,San Francisco CoC,Female,6847
2022,CA-501,San Francisco CoC,Male,10852
2022,CA-501,San Francisco CoC,Non-Singular Gender,140
2022,CA-501,San Francisco CoC,Questioning Gender,*
2022,CA-501,San Francisco CoC,Transgender,223
2022,CA-501,San Francisco CoC,Unknown,142
2022,CA-502,Alameda County CoC,Female,4967
2022,CA-502,Alameda County CoC,Male,6877
2022,CA-502,Alameda County CoC,Non-Singular Gender,45
2022,CA-502,Alameda County CoC,Questioning Gender,*
2022,CA-502,Alameda County CoC,Transgender,32
2022,CA-502,Alameda County CoC,Unknown,12
2022,CA-503,Sacramento County CoC,Female,5645
2022,CA-503,Sacramento County CoC,Male,5755
2022,CA-503,Sacramento County CoC,Non-Singular Gender,75
2022,CA-503,Sacramento County CoC,Questioning Gender,*
2022,CA-503,Sacramento County CoC,Transgender,52
2022,CA-503,Sacramento County CoC,Unknown,219
2022,CA-504,Sonoma County CoC,Female,1497
2022,CA-504,Sonoma County CoC,Male,1947
2022,CA-504,Sonoma County CoC,Non-Singular Gender,18
2022,CA-504,Sonoma County CoC,Questioning Gender,*
2022,CA-504,Sonoma County CoC,Transgender,18
2022,CA-504,Sonoma County CoC,Unknown,*
2022,CA-505,Contra Costa County CoC,Female,4148
2022,CA-505,Contra Costa County CoC,Male,5041
2022,CA-505,Contra Costa County CoC,Non-Singular Gender,14
2022,CA-505,Contra Costa County CoC,Questioning Gender,*
2022,CA-505,Contra Costa County CoC,Transgender,21
2022,CA-505,Contra Costa County CoC,Unknown,18
2022,CA-506,"Monterey, San Benito Counties CoC",Female,1236
2022,CA-506,"Monterey, San Benito Counties CoC",Male,1357
2022,CA-506,"Monterey, San Benito Counties CoC",Non-Singular Gender,*
2022,CA-506,"Monterey, San Benito Counties CoC",Transgender,*
2022,CA-506,"Monterey, San Benito Counties CoC",Unknown,*
2022,CA-507,Marin County CoC,Female,789
2022,CA-507,Marin County CoC,Male,972
2022,CA-507,Marin County CoC,Non-Singular Gender,*
2022,CA-507,Marin County CoC,Questioning Gender,*
2022,CA-507,Marin County CoC,Transgender,*
2022,CA-507,Marin County CoC,Unknown,*
2022,CA-508,Santa Cruz County CoC,Female,813
2022,CA-508,Santa Cruz County CoC,Male,970
2022,CA-508,Santa Cruz County CoC,Non-Singular Gender,*
2022,CA-508,Santa Cruz County CoC,Transgender,*
2022,CA-508,Santa Cruz County CoC,Unknown,*
2022,CA-509,Mendocino County CoC,Female,772
2022,CA-509,Mendocino County CoC,Male,815
2022,CA-509,Mendocino County CoC,Non-Singular Gender,*
2022,CA-509,Mendocino County CoC,Transgender,*
2022,CA-509,Mendocino County CoC,Unknown,*
2022,CA-510,Stanislaus County CoC,Female,2697
2022,CA-510,Stanislaus County CoC,Male,3647
2022,CA-510,Stanislaus County CoC,Non-Singular Gender,15
2022,CA-510,Stanislaus County CoC,Questioning Gender,*
2022,CA-510,Stanislaus County CoC,Transgender,11
2022,CA-510,Stanislaus County CoC,Unknown,15
2022,CA-511,San Joaquin County CoC,Female,4619
2022,CA-511,San Joaquin County CoC,Male,5065
2022,CA-511,San Joaquin County CoC,Non-Singular Gender,*
2022,CA-511,San Joaquin County CoC,Questioning Gender,*
2022,CA-511,San Joaquin County CoC,Transgender,15
2022,CA-511,San Joaquin County CoC,Unknown,35
2022,CA-512,San Mateo County CoC,Female,2106
2022,CA-512,San Mateo County CoC,Male,2960
2022,CA-512,San Mateo County CoC,Non-Singular Gender,*
2022,CA-512,San Mateo County CoC,Transgender,16
2022,CA-512,San Mateo County CoC,Unknown,*
2022,CA-513,"Kings, Tulare Counties CoC",Female,2145
2022,CA-513,"Kings, Tulare Counties CoC",Male,1994
2022,CA-513,"Kings, Tulare Counties CoC",Non-Singular Gender,*
2022,CA-513,"Kings, Tulare Counties CoC",Transgender,*
2022,CA-513,"Kings, Tulare Counties CoC",Unknown,*
2022,CA-514,"Fresno, Madera Counties CoC",Female,3390
2022,CA-514,"Fresno, Madera Counties CoC",Male,4574
2022,CA-514,"Fresno, Madera Counties CoC",Non-Singular Gender,*
2022,CA-514,"Fresno, Madera Counties CoC",Questioning Gender,*
2022,CA-514,"Fresno, Madera Counties CoC",Transgender,30
2022,CA-514,"Fresno, Madera Counties CoC",Unknown,42
2022,CA-515,Placer County CoC,Female,1141
2022,CA-515,Placer County CoC,Male,1311
2022,CA-515,Placer County CoC,Non-Singular Gender,*
2022,CA-515,Placer County CoC,Questioning Gender,*
2022,CA-515,Placer County CoC,Transgender,*
2022,CA-515,Placer County CoC,Unknown,12
2022,CA-516,"Shasta, Siskiyou, Lassen, Plumas, Del Norte, Modoc, Sierra Counties CoC",Female,1048
2022,CA-516,"Shasta, Siskiyou, Lassen, Plumas, Del Norte, Modoc, Sierra Counties CoC",Male,1091
2022,CA-516,"Shasta, Siskiyou, Lassen, Plumas, Del Norte, Modoc, Sierra Counties CoC",Non-Singular Gender,*
2022,CA-516,"Shasta, Siskiyou, Lassen, Plumas, Del Norte, Modoc, Sierra Counties CoC",Questioning Gender,*
2022,CA-516,"Shasta, Siskiyou, Lassen, Plumas, Del Norte, Modoc, Sierra Counties CoC",Transgender,*
2022,CA-516,"Shasta, Siskiyou, Lassen, Plumas, Del Norte, Modoc, Sierra Counties CoC",Unknown,17
2022,CA-517,Napa County CoC,Female,349
2022,CA-517,Napa County CoC,Male,579
2022,CA-517,Napa County CoC,Non-Singular Gender,*
2022,CA-517,Napa County CoC,Transgender,*
2022,CA-517,Napa County CoC,Unknown,*
2022,CA-518,Solano County CoC,Female,526
2022,CA-518,Solano County CoC,Male,762
2022,CA-518,Solano County CoC,Non-Singular Gender,*
2022,CA-518,Solano County CoC,Transgender,*
2022,CA-518,Solano County CoC,Unknown,*
2022,CA-519,Butte County CoC,Female,1212
2022,CA-519,Butte County CoC,Male,1504
2022,CA-519,Butte County CoC,Non-Singular Gender,12
2022,CA-519,Butte County CoC,Transgender,11
2022,CA-519,Butte County CoC,Unknown,*
2022,CA-520,Merced County CoC,Female,1465
2022,CA-520,Merced County CoC,Male,1527
2022,CA-520,Merced County CoC,Non-Singular Gender,*
2022,CA-520,Merced County CoC,Questioning Gender,*
2022,CA-520,Merced County CoC,Transgender,*
2022,CA-521,Yolo County CoC,Female,721
2022,CA-521,Yolo County CoC,Male,713
2022,CA-521,Yolo County CoC,Non-Singular Gender,*
2022,CA-521,Yolo County CoC,Transgender,*
2022,CA-521,Yolo County CoC,Unknown,66
2022,CA-522,Humboldt County CoC,Female,932
2022,CA-522,Humboldt County CoC,Male,1288
2022,CA-522,Humboldt County CoC,Non-Singular Gender,29
2022,CA-522,Humboldt County CoC,Questioning Gender,*
2022,CA-522,Humboldt County CoC,Transgender,18
2022,CA-522,Humboldt County CoC,Unknown,130
2022,CA-523,"Colusa, Glenn, Trinity Counties CoC",Female,341
2022,CA-523,"Colusa, Glenn, Trinity Counties CoC",Male,284
2022,CA-523,"Colusa, Glenn, Trinity Counties CoC",Unknown,*
2022,CA-524,"Yuba, Sutter Counties CoC",Female,1404
2022,CA-524,"Yuba, Sutter Counties CoC",Male,1231
2022,CA-524,"Yuba, Sutter Counties CoC",Non-Singular Gender,*
2022,CA-524,"Yuba, Sutter Counties CoC",Transgender,*
2022,CA-525,El Dorado County CoC,Female,193
2022,CA-525,El Dorado County CoC,Male,231
2022,CA-525,El Dorado County CoC,Non-Singular Gender,*
2022,CA-525,El Dorado County CoC,Transgender,*
2022,CA-526,"Amador, Calaveras, Mariposa, Tuolumne Counties CoC",Female,440
2022,CA-526,"Amador, Calaveras, Mariposa, Tuolumne Counties CoC",Male,344
2022,CA-526,"Amador, Calaveras, Mariposa, Tuolumne Counties CoC",Non-Singular Gender,*
2022,CA-526,"Amador, Calaveras, Mariposa, Tuolumne Counties CoC",Questioning Gender,*
2022,CA-526,"Amador, Calaveras, Mariposa, Tuolumne Counties CoC",Transgender,*
2022,CA-527,Tehama County CoC,Female,331
2022,CA-527,Tehama County CoC,Male,366
2022,CA-527,Tehama County CoC,Non-Singular Gender,*
2022,CA-527,Tehama County CoC,Transgender,*
2022,CA-527,Tehama County CoC,Unknown,*
2022,CA-529,Lake County CoC,Female,156
2022,CA-529,Lake County CoC,Male,176
2022,CA-529,Lake County CoC,Non-Singular Gender,*
2022,CA-529,Lake County CoC,Transgender,*
2022,CA-530,"Alpine, Inyo, Mono Counties CoC",Female,97
2022,CA-530,"Alpine, Inyo, Mono Counties CoC",Male,101
2022,CA-531,Nevada County CoC,Female,458
2022,CA-531,Nevada County CoC,Male,555
2022,CA-531,Nevada County CoC,Non-Singular Gender,*
2022,CA-531,Nevada County CoC,Transgender,*
2022,CA-531,Nevada County CoC,Unknown,26
2022,CA-600,Los Angeles County CoC,Female,35806
2022,CA-600,Los Angeles County CoC,Male,54419
2022,CA-600,Los Angeles County CoC,Non-Singular Gender,210
2022,CA-600,Los Angeles County CoC,Questioning Gender,*
2022,CA-600,Los Angeles County CoC,Transgender,678
2022,CA-600,Los Angeles County CoC,Unknown,1361
2022,CA-601,San Diego County CoC,Female,10536
2022,CA-601,San Diego County CoC,Male,14521
2022,CA-601,San Diego County CoC,Non-Singular Gender,85
2022,CA-601,San Diego County CoC,Questioning Gender,*
2022,CA-601,San Diego County CoC,Transgender,140
2022,CA-601,San Diego County CoC,Unknown,75
2022,CA-602,Orange County CoC,Female,8569
2022,CA-602,Orange County CoC,Male,11383
2022,CA-602,Orange County CoC,Non-Singular Gender,51
2022,CA-602,Orange County CoC,Questioning Gender,*
2022,CA-602,Orange County CoC,Transgender,44
2022,CA-602,Orange County CoC,Unknown,2918
2022,CA-603,Santa Barbara County CoC,Female,1638
2022,CA-603,Santa Barbara County CoC,Male,2236
2022,CA-603,Santa Barbara County CoC,Non-Singular Gender,12
2022,CA-603,Santa Barbara County CoC,Questioning Gender,*
2022,CA-603,Santa Barbara County CoC,Transgender,12
2022,CA-603,Santa Barbara County CoC,Unknown,*
2022,CA-604,Kern County CoC,Female,4101
2022,CA-604,Kern County CoC,Male,4552
2022,CA-604,Kern County CoC,Non-Singular Gender,*
2022,CA-604,Kern County CoC,Questioning Gender,*
2022,CA-604,Kern County CoC,Transgender,20
2022,CA-606,Long Beach CoC (Los Angeles County),Female,1609
2022,CA-606,Long Beach CoC (Los Angeles County),Male,2504
2022,CA-606,Long Beach CoC (Los Angeles County),Non-Singular Gender,*
2022,CA-606,Long Beach CoC (Los Angeles County),Questioning Gender,*
2022,CA-606,Long Beach CoC (Los Angeles County),Transgender,18
2022,CA-606,Long Beach CoC (Los Angeles County),Unknown,*
2022,CA-607,Pasadena CoC (Los Angeles County),Female,481
2022,CA-607,Pasadena CoC (Los Angeles County),Male,617
2022,CA-607,Pasadena CoC (Los Angeles County),Non-Singular Gender,*
2022,CA-607,Pasadena CoC (Los Angeles County),Transgender,11
2022,CA-607,Pasadena CoC (Los Angeles County),Unknown,65
2022,CA-608,Riverside County CoC,Female,5118
2022,CA-608,Riverside County CoC,Male,5574
2022,CA-608,Riverside County CoC,Non-Singular Gender,28
2022,CA-608,Riverside County CoC,Questioning Gender,*
2022,CA-608,Riverside County CoC,Transgender,60
2022,CA-608,Riverside County CoC,Unknown,23
2022,CA-609,San Bernardino County CoC,Female,5277
2022,CA-609,San Bernardino County CoC,Male,5157
2022,CA-609,San Bernardino County CoC,Non-Singular Gender,12
2022,CA-609,San Bernardino County CoC,Questioning Gender,*
2022,CA-609,San Bernardino County CoC,Transgender,18
2022,CA-609,San Bernardino County CoC,Unknown,*
2022,CA-611,Ventura County CoC,Female,1256
2022,CA-611,Ventura County CoC,Male,1648
2022,CA-611,Ventura County CoC,Non-Singular Gender,*
2022,CA-611,Ventura County CoC,Questioning Gender,*
2022,CA-611,Ventura County CoC,Transgender,15
2022,CA-611,Ventura County CoC,Unknown,*
2022,CA-612,Glendale CoC (Los Angeles County),Female,317
2022,CA-612,Glendale CoC (Los Angeles County),Male,409
2022,CA-612,Glendale CoC (Los Angeles County),Non-Singular Gender,*
2022,CA-612,Glendale CoC (Los Angeles County),Transgender,14
2022,CA-613,Imperial County CoC,Female,976
2022,CA-613,Imperial County CoC,Male,874
2022,CA-613,Imperial County CoC,Transgender,*
2022,CA-613,Imperial County CoC,Unknown,*
2022,CA-614,San Luis Obispo County CoC,Female,1247
2022,CA-614,San Luis Obispo County CoC,Male,1529
2022,CA-614,San Luis Obispo County CoC,Non-Singular Gender,*
2022,CA-614,San Luis Obispo County CoC,Transgender,*
2022,CA-614,San Luis Obispo County CoC,Unknown,15
2023,All,California,Female,108123
2023,All,California,Male,140780
2023,All,California,Non-Singular Gender,735
2023,All,California,Questioning Gender,53
2023,All,California,Transgender,1287
2023,All,California,Unknown,3936
2023,CA-500,Santa Clara County CoC,Female,6367
2023,CA-500,Santa Clara County CoC,Male,8423
2023,CA-500,Santa Clara County CoC,Non-Singular Gender,36
2023,CA-500,Santa Clara County CoC,Questioning Gender,*
2023,CA-500,Santa Clara County CoC,Transgender,49
2023,CA-500,Santa Clara County CoC,Unknown,28
2023,CA-501,San Francisco CoC,Female,5137
2023,CA-501,San Francisco CoC,Male,7937
2023,CA-501,San Francisco CoC,Non-Singular Gender,115
2023,CA-501,San Francisco CoC,Questioning Gender,*
2023,CA-501,San Francisco CoC,Transgender,178
2023,CA-501,San Francisco CoC,Unknown,152
2023,CA-502,Alameda County CoC,Female,4126
2023,CA-502,Alameda County CoC,Male,5568
2023,CA-502,Alameda County CoC,Non-Singular Gender,41
2023,CA-502,Alameda County CoC,Questioning Gender,*
2023,CA-502,Alameda County CoC,Transgender,23
2023,CA-502,Alameda County CoC,Unknown,*
2023,CA-503,Sacramento County CoC,Female,4310
2023,CA-503,Sacramento County CoC,Male,4365
2023,CA-503,Sacramento County CoC,Non-Singular Gender,54
2023,CA-503,Sacramento County CoC,Questioning Gender,*
2023,CA-503,Sacramento County CoC,Transgender,32
2023,CA-503,Sacramento County CoC,Unknown,282
2023,CA-504,Sonoma County CoC,Female,1232
2023,CA-504,Sonoma County CoC,Male,1516
2023,CA-504,Sonoma County CoC,Non-Singular Gender,*
2023,CA-504,Sonoma County CoC,Transgender,17
2023,CA-504,Sonoma County CoC,Unknown,*
2023,CA-505,Contra Costa County CoC,Female,4280
2023,CA-505,Contra Costa County CoC,Male,5250
2023,CA-505,Contra Costa County CoC,Non-Singular Gender,14
2023,CA-505,Contra Costa County CoC,Questioning Gender,*
2023,CA-505,Contra Costa County CoC,Transgender,16
2023,CA-505,Contra Costa County CoC,Unknown,19
2023,CA-506,"Monterey, San Benito Counties CoC",Female,909
2023,CA-506,"Monterey, San Benito Counties CoC",Male,1021
2023,CA-506,"Monterey, San Benito Counties CoC",Non-Singular Gender,*
2023,CA-506,"Monterey, San Benito Counties CoC",Questioning Gender,*
2023,CA-506,"Monterey, San Benito Counties CoC",Transgender,*
2023,CA-506,"Monterey, San Benito Counties CoC",Unknown,*
2023,CA-507,Marin County CoC,Female,557
2023,CA-507,Marin County CoC,Male,684
2023,CA-507,Marin County CoC,Non-Singular Gender,*
2023,CA-507,Marin County CoC,Transgender,*
2023,CA-507,Marin County CoC,Unknown,*
2023,CA-508,Santa Cruz County CoC,Female,590
2023,CA-508,Santa Cruz County CoC,Male,822
2023,CA-508,Santa Cruz County CoC,Non-Singular Gender,*
2023,CA-508,Santa Cruz County CoC,Transgender,*
2023,CA-508,Santa Cruz County CoC,Unknown,*
2023,CA-509,Mendocino County CoC,Female,568
2023,CA-509,Mendocino County CoC,Male,599
2023,CA-509,Mendocino County CoC,Non-Singular Gender,*
2023,CA-509,Mendocino County CoC,Transgender,*
2023,CA-509,Mendocino County CoC,Unknown,*
2023,CA-510,Stanislaus County CoC,Female,1913
2023,CA-510,Stanislaus County CoC,Male,2453
2023,CA-510,Stanislaus County CoC,Non-Singular Gender,14
2023,CA-510,Stanislaus County CoC,Questioning Gender,*
2023,CA-510,Stanislaus County CoC,Transgender,11
2023,CA-510,Stanislaus County CoC,Unknown,*
2023,CA-511,San Joaquin County CoC,Female,2796
2023,CA-511,San Joaquin County CoC,Male,3289
2023,CA-511,San Joaquin County CoC,Non-Singular Gender,*
2023,CA-511,San Joaquin County CoC,Transgender,12
2023,CA-511,San Joaquin County CoC,Unknown,33
2023,CA-512,San Mateo County CoC,Female,1937
2023,CA-512,San Mateo County CoC,Male,2767
2023,CA-512,San Mateo County CoC,Non-Singular Gender,*
2023,CA-512,San Mateo County CoC,Transgender,14
2023,CA-512,San Mateo County CoC,Unknown,19
2023,CA-513,"Kings, Tulare Counties CoC",Female,1635
2023,CA-513,"Kings, Tulare Counties CoC",Male,1550
2023,CA-513,"Kings, Tulare Counties CoC",Non-Singular Gender,*
2023,CA-513,"Kings, Tulare Counties CoC",Transgender,*
2023,CA-514,"Fresno, Madera Counties CoC",Female,3170
2023,CA-514,"Fresno, Madera Counties CoC",Male,4424
2023,CA-514,"Fresno, Madera Counties CoC",Non-Singular Gender,13
2023,CA-514,"Fresno, Madera Counties CoC",Questioning Gender,*
2023,CA-514,"Fresno, Madera Counties CoC",Transgender,31
2023,CA-514,"Fresno, Madera Counties CoC",Unknown,37
2023,CA-515,Placer County CoC,Female,862
2023,CA-515,Placer County CoC,Male,1027
2023,CA-515,Placer County CoC,Non-Singular Gender,*
2023,CA-515,Placer County CoC,Questioning Gender,*
2023,CA-515,Placer County CoC,Transgender,*
2023,CA-515,Placer County CoC,Unknown,*
2023,CA-516,"Shasta, Siskiyou, Lassen, Plumas, Del Norte, Modoc, Sierra Counties CoC",Female,827
2023,CA-516,"Shasta, Siskiyou, Lassen, Plumas, Del Norte, Modoc, Sierra Counties CoC",Male,866
2023,CA-516,"Shasta, Siskiyou, Lassen, Plumas, Del Norte, Modoc, Sierra Counties CoC",Non-Singular Gender,*
2023,CA-516,"Shasta, Siskiyou, Lassen, Plumas, Del Norte, Modoc, Sierra Counties CoC",Questioning Gender,*
2023,CA-516,"Shasta, Siskiyou, Lassen, Plumas, Del Norte, Modoc, Sierra Counties CoC",Transgender,*
2023,CA-516,"Shasta, Siskiyou, Lassen, Plumas, Del Norte, Modoc, Sierra Counties CoC",Unknown,18
2023,CA-517,Napa County CoC,Female,301
2023,CA-517,Napa County CoC,Male,462
2023,CA-517,Napa County CoC,Non-Singular Gender,*
2023,CA-517,Napa County CoC,Transgender,*
2023,CA-517,Napa County CoC,Unknown,*
2023,CA-518,Solano County CoC,Female,398
2023,CA-518,Solano County CoC,Male,527
2023,CA-518,Solano County CoC,Non-Singular Gender,*
2023,CA-518,Solano County CoC,Transgender,*
2023,CA-518,Solano County CoC,Unknown,*
2023,CA-519,Butte County CoC,Female,1452
2023,CA-519,Butte County CoC,Male,1671
2023,CA-519,Butte County CoC,Non-Singular Gender,12
2023,CA-519,Butte County CoC,Transgender,14
2023,CA-519,Butte County CoC,Unknown,88
2023,CA-520,Merced County CoC,Female,1578
2023,CA-520,Merced County CoC,Male,1495
2023,CA-520,Merced County CoC,Non-Singular Gender,*
2023,CA-520,Merced County CoC,Questioning Gender,*
2023,CA-520,Merced County CoC,Transgender,*
2023,CA-521,Yolo County CoC,Female,506
2023,CA-521,Yolo County CoC,Male,479
2023,CA-521,Yolo County CoC,Transgender,*
2023,CA-521,Yolo County CoC,Unknown,75
2023,CA-522,Humboldt County CoC,Female,815
2023,CA-522,Humboldt County CoC,Male,1041
2023,CA-522,Humboldt County CoC,Non-Singular Gender,26
2023,CA-522,Humboldt County CoC,Questioning Gender,*
2023,CA-522,Humboldt County CoC,Transgender,13
2023,CA-522,Humboldt County CoC,Unknown,106
2023,CA-523,"Colusa, Glenn, Trinity Counties CoC",Female,216
2023,CA-523,"Colusa, Glenn, Trinity Counties CoC",Male,171
2023,CA-523,"Colusa, Glenn, Trinity Counties CoC",Transgender,*
2023,CA-523,"Colusa, Glenn, Trinity Counties CoC",Unknown,*
2023,CA-524,"Yuba, Sutter Counties CoC",Female,1151
2023,CA-524,"Yuba, Sutter Counties CoC",Male,1062
2023,CA-524,"Yuba, Sutter Counties CoC",Non-Singular Gender,*
2023,CA-524,"Yuba, Sutter Counties CoC",Transgender,*
2023,CA-525,El Dorado County CoC,Female,182
2023,CA-525,El Dorado County CoC,Male,254
2023,CA-525,El Dorado County CoC,Non-Singular Gender,*
2023,CA-525,El Dorado County CoC,Transgender,*
2023,CA-525,El Dorado County CoC,Unknown,*
2023,CA-526,"Amador, Calaveras, Mariposa, Tuolumne Counties CoC",Female,296
2023,CA-526,"Amador, Calaveras, Mariposa, Tuolumne Counties CoC",Male,229
2023,CA-526,"Amador, Calaveras, Mariposa, Tuolumne Counties CoC",Questioning Gender,*
2023,CA-527,Tehama County CoC,Female,224
2023,CA-527,Tehama County CoC,Male,279
2023,CA-527,Tehama County CoC,Non-Singular Gender,*
2023,CA-527,Tehama County CoC,Transgender,*
2023,CA-527,Tehama County CoC,Unknown,*
2023,CA-529,Lake County CoC,Female,145
2023,CA-529,Lake County CoC,Male,174
2023,CA-529,Lake County CoC,Non-Singular Gender,*
2023,CA-529,Lake County CoC,Transgender,*
2023,CA-529,Lake County CoC,Unknown,17
2023,CA-530,"Alpine, Inyo, Mono Counties CoC",Female,62
2023,CA-530,"Alpine, Inyo, Mono Counties CoC",Male,41
2023,CA-531,Nevada County CoC,Female,400
2023,CA-531,Nevada County CoC,Male,507
2023,CA-531,Nevada County CoC,Non-Singular Gender,*
2023,CA-531,Nevada County CoC,Transgender,*
2023,CA-531,Nevada County CoC,Unknown,14
2023,CA-600,Los Angeles County CoC,Female,29384
2023,CA-600,Los Angeles County CoC,Male,43443
2023,CA-600,Los Angeles County CoC,Non-Singular Gender,195
2023,CA-600,Los Angeles County CoC,Questioning Gender,14
2023,CA-600,Los Angeles County CoC,Transgender,548
2023,CA-600,Los Angeles County CoC,Unknown,1363
2023,CA-601,San Diego County CoC,Female,8261
2023,CA-601,San Diego County CoC,Male,10626
2023,CA-601,San Diego County CoC,Non-Singular Gender,61
2023,CA-601,San Diego County CoC,Questioning Gender,*
2023,CA-601,San Diego County CoC,Transgender,116
2023,CA-601,San Diego County CoC,Unknown,43
2023,CA-602,Orange County CoC,Female,6662
2023,CA-602,Orange County CoC,Male,8401
2023,CA-602,Orange County CoC,Non-Singular Gender,41
2023,CA-602,Orange County CoC,Questioning Gender,*
2023,CA-602,Orange County CoC,Transgender,42
2023,CA-602,Orange County CoC,Unknown,1416
2023,CA-603,Santa Barbara County CoC,Female,1135
2023,CA-603,Santa Barbara County CoC,Male,1695
2023,CA-603,Santa Barbara County CoC,Non-Singular Gender,*
2023,CA-603,Santa Barbara County CoC,Transgender,*
2023,CA-603,Santa Barbara County CoC,Unknown,66
2023,CA-604,Kern County CoC,Female,2985
2023,CA-604,Kern County CoC,Male,3355
2023,CA-604,Kern County CoC,Non-Singular Gender,*
2023,CA-604,Kern County CoC,Transgender,15
2023,CA-604,Kern County CoC,Unknown,*
2023,CA-606,Long Beach CoC (Los Angeles County),Female,1635
2023,CA-606,Long Beach CoC (Los Angeles County),Male,2699
2023,CA-606,Long Beach CoC (Los Angeles County),Non-Singular Gender,*
2023,CA-606,Long Beach CoC (Los Angeles County),Questioning Gender,*
2023,CA-606,Long Beach CoC (Los Angeles County),Transgender,18
2023,CA-606,Long Beach CoC (Los Angeles County),Unknown,15
2023,CA-607,Pasadena CoC (Los Angeles County),Female,416
2023,CA-607,Pasadena CoC (Los Angeles County),Male,622
2023,CA-607,Pasadena CoC (Los Angeles County),Non-Singular Gender,*
2023,CA-607,Pasadena CoC (Los Angeles County),Transgender,*
2023,CA-607,Pasadena CoC (Los Angeles County),Unknown,39
2023,CA-608,Riverside County CoC,Female,3752
2023,CA-608,Riverside County CoC,Male,4384
2023,CA-608,Riverside County CoC,Non-Singular Gender,19
2023,CA-608,Riverside County CoC,Questioning Gender,*
2023,CA-608,Riverside County CoC,Transgender,47
2023,CA-608,Riverside County CoC,Unknown,22
2023,CA-609,San Bernardino County CoC,Female,4045
2023,CA-609,San Bernardino County CoC,Male,3864
2023,CA-609,San Bernardino County CoC,Non-Singular Gender,*
2023,CA-609,San Bernardino County CoC,Questioning Gender,*
2023,CA-609,San Bernardino County CoC,Transgender,11
2023,CA-609,San Bernardino County CoC,Unknown,*
2023,CA-611,Ventura County CoC,Female,945
2023,CA-611,Ventura County CoC,Male,1313
2023,CA-611,Ventura County CoC,Non-Singular Gender,*
2023,CA-611,Ventura County CoC,Questioning Gender,*
2023,CA-611,Ventura County CoC,Transgender,14
2023,CA-611,Ventura County CoC,Unknown,*
2023,CA-612,Glendale CoC (Los Angeles County),Female,263
2023,CA-612,Glendale CoC (Los Angeles County),Male,296
2023,CA-612,Glendale CoC (Los Angeles County),Non-Singular Gender,*
2023,CA-612,Glendale CoC (Los Angeles County),Transgender,*
2023,CA-612,Glendale CoC (Los Angeles County),Unknown,*
2023,CA-613,Imperial County CoC,Female,689
2023,CA-613,Imperial County CoC,Male,634
2023,CA-613,Imperial County CoC,Non-Singular Gender,*
2023,CA-613,Imperial County CoC,Transgender,*
2023,CA-613,Imperial County CoC,Unknown,*
2023,CA-614,San Luis Obispo County CoC,Female,1069
2023,CA-614,San Luis Obispo County CoC,Male,1395
2023,CA-614,San Luis Obispo County CoC,Non-Singular Gender,*
2023,CA-614,San Luis Obispo County CoC,Transgender,*
2023,CA-614,San Luis Obispo County CoC,Unknown,18